metric,e5 + catboost,cb_box,e5 + logreg
ROC AUC,0.9803535056339158,0.9797782135326404,0.9862037538706632
